﻿{"cameraMode":{"drawMode":0,"name":"Shaded","section":"Shading Mode"},"sceneLighting":true,"audioPlay":false,"sceneViewState":{"showFog":true,"showMaterialUpdate":false,"showSkybox":true,"showFlares":true,"showImageEffects":true,"showParticleSystems":true},"in2DMode":false,"pivot":{"x":5.20751953125,"y":3.6813087463378908,"z":21.642423629760743},"rotation":{"x":-0.13891096413135529,"y":0.5982828140258789,"z":-0.10628104209899903,"w":-0.7819627523422241},"size":49.401336669921878,"orthographic":false}